temperature_c,residence_time_s,steam_hc_kgkg,pressure_bar,ramp_exponent,x_c2h6,s_c2h4_mol,heat_MJ_per_kg_ethane,y_c2h4_kg_per_kg_ethane,y_ch4_kg_per_kg_ethane,y_h2_kg_per_kg_ethane,y_c2h2_kg_per_kg_ethane,y_c3h6_kg_per_kg_ethane,y_c3h8_kg_per_kg_ethane,carbon_residual,hydrogen_residual,oxygen_residual
816.0430085638009,0.4921398999567596,0.3379680413088647,4.31568419241608,3.771469165231964,0.19228850232525174,0.9760920654491603,1.696241832003239,0.17510778876971345,0.004092693485429407,0.012376621668437707,0.00025235698940741653,0.0,0.00039929943814473505,5.10702591327572e-15,1.4951977235963643e-15,-1.4563546711792065e-14
754.2323689841947,0.15873795135133859,0.45015715222047603,4.489153816455125,0.7210301023925368,0.05869772129643991,0.9843584113840286,0.7993819293106537,0.05390584560723111,0.0008442317068081905,0.003826952699791255,2.3901669213483603e-05,0.0,6.853792224750285e-05,2.5757174171303632e-14,8.286601691234263e-15,-5.61475111500334e-14
824.2631095178396,0.2825226546781393,0.4147356847940746,3.2486046696308692,1.8701889689271467,0.2347678551825364,0.9743215728950505,1.9646462141152905,0.21340388203479,0.0051888249597137615,0.015095922791364454,0.00046123384381750233,0.0,0.000542868192429891,1.9984014443252818e-15,1.6838590383118062e-15,-4.490530958741846e-15
943.5352497280774,0.06154674454016038,0.12848358712939215,1.0785228770093784,1.6132223667298455,0.479557694333823,0.9315304144035239,3.4669605431260777,0.41677270354927703,0.024310877030279655,0.0293202381017269,0.005185435201137136,0.0,0.00361146518373386,-6.084022174945858e-14,1.6205415593592138e-13,1.2010232088739178e-13
874.4577331066337,0.022693879634917636,0.1154773414612085,4.607280390402117,2.4502213003744147,0.04776183998718231,0.9629433837813123,1.2077418950868892,0.04290848366952129,0.0013925841062778172,0.0030143060468434207,4.902361809529241e-05,0.0,0.00025423769662572476,8.881784197001252e-16,5.563719227004782e-16,-4.895907646693578e-15
954.0271039653347,0.4319820006615692,0.09336282346055516,4.9386200859818175,3.359228385879718,0.8049097911279327,0.8915806663149767,4.779530926908572,0.6695287292833588,0.0737874498567149,0.0457103339274243,0.014155729415720025,0.0,0.0016041194866165808,-1.7763568394002505e-15,6.6138355017264854e-15,4.096424319424626e-15
758.127483943425,0.9852630172765214,0.05382340037287207,4.686242953822788,1.090675035484819,0.2046190897210135,0.973814672406586,1.3880585314719067,0.1859018992009648,0.00515415572985346,0.013065005845862477,0.00013632124297693378,0.0,0.00033661073079659695,0.0,0.0,-6.178882563030102e-16
756.8379780763737,0.10694628314853145,0.4815538870455845,3.1282188338790675,0.7624149713248995,0.039823795235764625,0.9847502207691644,0.7326713755601971,0.03658727777619226,0.0005380201587473426,0.0026001700370104548,1.6099543789151935e-05,0.0,4.916078558272146e-05,2.6645352591003757e-15,9.339924555694059e-16,-6.629906638357753e-15
914.3599845756116,0.27251793797990453,0.13278459379135593,2.3762837216657764,3.6074609281487597,0.5582273529247103,0.9437944535655476,3.694426322784063,0.4915298512811358,0.025722500166647105,0.03440811654719215,0.004167310733626068,0.0,0.00222769888229559,3.3306690738754696e-15,-9.649200731452297e-16,-2.0287026758637956e-14
934.9537507325737,0.5837054042527501,0.20963977365899283,3.7264395816095295,0.5659156004439735,0.8881666760830457,0.7911932378769531,4.782598087031513,0.6555991862178813,0.15279871103296477,0.043011571544639804,0.03527786061749085,0.0,0.0013988245534207625,1.5543122344752192e-15,-1.8559377058664532e-15,-4.917779861861863e-15
750.8713989757306,0.18415761266828673,0.06110231337214152,1.1582978260599495,2.652485673094925,0.019121394652773294,0.9820566732696847,0.5080431366450968,0.017519329498548473,0.0002838744397783573,0.001244159510110138,6.707695732278458e-06,0.0,2.8554741104076993e-05,0.0,1.7179522924468328e-15,-2.721406536782252e-15
848.4004320822197,0.04463444094712685,0.3243728543661046,3.4829724325753677,0.4902109415218879,0.19013698248167077,0.9685006129476817,1.8381873564707045,0.17180186014335774,0.0050025816936688445,0.01211507201842395,0.0004117758209893637,0.0,0.0006965271322932788,-5.10702591327572e-15,-3.0095571500047316e-15,1.7019416170220287e-14
912.6982657991169,0.3342103235053795,0.3540615999742778,3.422377743789285,0.8450833543299405,0.8235635317605552,0.9047536302641424,4.932149146023477,0.6951664534856902,0.06222598899537156,0.048611396279263586,0.016383161451944312,0.0,0.0010822218932116823,-1.5543122344752192e-15,0.0,4.8843366362510275e-15
798.1060206896854,0.0373970220989743,0.39383029680071907,4.259767810907143,2.854854456755803,0.011065677557566711,0.9785943914590586,0.7872759872985398,0.010102807968559193,0.00017473077391599745,0.0007175232256209907,2.2125913172009843e-06,0.0,1.7478576629511644e-05,-2.220446049250313e-15,-4.856927280695767e-16,5.404455232598163e-15
916.7222902549871,0.03203771253964513,0.4474923546653474,1.5015925150804652,3.1361112344170143,0.11214187126868524,0.9532207003295238,1.9027932158804843,0.09972926728771542,0.0037608454347640664,0.007023225616535649,0.00039698187384302406,0.0,0.0009347051006062299,-6.661338147750939e-16,8.296438705358225e-16,1.3377284323262753e-15
898.6086912486643,0.22526825417416796,0.29452799700392335,2.8472375115077884,2.554333919894432,0.5146453869558529,0.9518497298286318,3.539387528442228,0.4570227716926553,0.02018680954114048,0.032140463146074084,0.0033611704081269764,0.0,0.0017845775535335123,-1.1102230246251565e-16,4.19718124106144e-15,-1.9195675957156796e-15
994.3711052775791,0.08770448570318638,0.28641080547839126,2.355765761812185,1.6797233876356623,0.8826815652659943,0.8899595856094695,5.669863447521654,0.7328847858683551,0.06507184741625709,0.053239995722559455,0.029844558367840213,0.0,0.0014466873471802868,6.661338147750939e-16,-2.0429243659659015e-15,-2.322317899224778e-16
800.7068313760733,0.0904232582125183,0.14849632054173784,4.43939151408833,2.738941553904076,0.03495135316181808,0.9770872459726249,0.8261896907759991,0.031860948701860264,0.0006895077135068538,0.0022524313125022737,1.6234327794170758e-05,0.0,7.733212609095193e-05,6.661338147750939e-16,6.836633254424325e-16,-7.054657494718021e-15
790.8370716615383,0.8938283031714623,0.3915670959809497,2.42806842892531,1.5107956463572114,0.33169839131675494,0.976243421098105,2.234149155845576,0.30210843421468,0.006998167738828542,0.02138544228542717,0.0006595847065559322,0.0,0.0004988349873309734,9.103828801926284e-15,4.497302949279928e-15,-2.310169183806116e-14
979.8822404957241,0.9230327157861546,0.16471695928988614,2.0064693919226504,0.4567892779726798,0.9697498150274766,0.6238616172302507,5.413534381130598,0.5644290224368812,0.23779530600359186,0.04458219689835252,0.12223465622992918,0.0,0.0006120984373262639,1.2434497875801753e-14,-8.854827241651739e-14,6.642608454960548e-14
992.7067772684757,0.09706560538134623,0.21527690275589667,3.5406897365244885,2.2572066556494086,0.835086901613827,0.8997485371698872,5.321859578021013,0.700993814153943,0.06244915839678356,0.049594134156337,0.019973843157557288,0.0,0.0018749211392474995,-1.2212453270876722e-15,-3.833674329959289e-15,1.1277335377197444e-14
933.5335476120073,0.043331186030325576,0.5302414095830522,1.9498164305368155,1.3081020897528646,0.42429133688627574,0.9436564554226511,3.465930347806699,0.37354200388765235,0.017352416394960275,0.026455604258414558,0.004095308000610004,0.0,0.0025582628315016552,3.9968028886505635e-15,-5.3724245913718676e-15,-4.1395331685537125e-15
851.1303728593082,0.5586378027444872,0.09294394633444177,1.7942690510334107,1.0847840651683578,0.6275880374086933,0.9507626397310956,3.704470031649013,0.556683218060581,0.026834391130473242,0.0389400715480138,0.0038164805994306016,0.0,0.0012283503100071153,-1.4432899320127035e-15,1.5482619641471661e-15,1.0555577047570256e-14
952.5720511507012,0.02120635719310971,0.1464099486245954,2.5938018971148376,0.8321064330649477,0.42558345223711036,0.9344385421219733,3.2718710055344307,0.37101958975147037,0.0215711698845856,0.025915085749858548,0.003354040472629636,0.0,0.0033895079659891983,5.551115123125783e-15,3.1482269592409632e-15,-4.2476829261265124e-14
987.2057841838746,0.08029848650749834,0.6087318207573792,4.62850219909371,3.4319351437544645,0.6983641654570143,0.9227333775528467,5.052615534173008,0.6012007887020633,0.03942434058518681,0.042681783221596235,0.012182261647581953,0.0,0.002625913451621276,-6.206146707654625e-14,7.806803699698074e-14,5.3103278301341305e-14
918.5004718004789,0.40379627679964164,0.32094816823762706,3.9644613926169026,2.0722004539067744,0.7706161526953315,0.9220085637990084,4.739088417541161,0.6628792542272169,0.04903721560850603,0.04628967414496879,0.010985870235345712,0.0,0.001315334397911919,1.354472090042691e-14,-1.6328123765565015e-14,-2.3832741757279698e-14
838.078888597956,0.07566319327748028,0.20620144106124066,2.7812885332034973,3.48773903996053,0.05141263810031116,0.9720185298279074,1.098764693608921,0.04662359930881706,0.0011609440602608444,0.0032929050244812777,4.980296411506696e-05,0.0,0.00018433611666286197,1.5543122344752192e-15,6.63972423296327e-16,-6.773898218210104e-15
786.9191453057497,0.42299986050240074,0.1607147592704262,3.9846302298691523,1.435584503501552,0.17812559106945813,0.9763555100722439,1.427950767745375,0.16225409430797202,0.0038813960782564504,0.01145025476140862,0.00016266118037519935,0.0,0.00033414238029926316,-9.992007221626409e-16,-1.3587942620466683e-16,3.3108941237918967e-15
967.6870630660812,0.07829118364691491,0.594129859720393,1.9215469377033503,2.1261148355521624,0.696951319005064,0.9219954599591653,4.953245406755643,0.5995046988889488,0.0367534987517292,0.043105155756341655,0.014601438268704747,0.0,0.002710064635160538,-2.1094237467877974e-15,-6.897694570870877e-15,6.940989349571902e-15
805.0827409468657,0.21564703687676853,0.4977149168084607,3.0729091925315823,1.618497887943491,0.1436179280888411,0.9789788106757706,1.475867197696326,0.13117265637362924,0.0026054873154593952,0.009300829746699164,0.00019108472895094502,0.0,0.00028487267165882446,2.220446049250313e-15,2.89817340019721e-15,-5.3455254615149395e-15
889.2694465315442,0.38223322078754907,0.40036203407048104,1.0134789693795765,1.7847352084194006,0.7062123170791537,0.943229047176193,4.452587457635197,0.6214609133630006,0.02884034827417273,0.044406566492166503,0.009809444682897963,0.0,0.0015565481720475065,-1.5543122344752192e-15,2.4091397215851193e-14,-1.1795504750170704e-14
823.3969132205897,0.22117736833600932,0.10130907665685221,1.4618931605477057,0.6982850507129076,0.31015086190619845,0.9669842787499757,2.1713643200270227,0.27980390437374725,0.00873836392668622,0.019712141776319695,0.0008306054274624289,0.0,0.000973246988749547,-4.440892098500626e-16,7.00654754416742e-16,2.9544403415702236e-15
883.1577593416782,0.8145398304957142,0.039176764945162555,2.1512876158192173,1.7668844468479026,0.7601882744275282,0.9263788676324524,4.340342687718001,0.6570087757532408,0.04823511031651174,0.045481428069869746,0.00819066173294467,0.0,0.0011843293883398106,-1.3322676295501878e-15,6.229491400900149e-15,-4.244460594340011e-15
999.7199497736179,0.25849981944898254,0.5696573031836998,1.6018858919817265,3.6381553094797923,0.9430947158931421,0.8619245323806695,6.409500361906367,0.7583783353880892,0.06701169932136417,0.059237141391261766,0.057640177595467426,0.0,0.0006820813575923458,8.770761894538737e-14,-2.8561706195687643e-13,1.1442567270690767e-14
897.9658584567094,0.8636157249584339,0.1905110390889466,1.5725778262802415,1.7025835774677414,0.8607367148197305,0.9139032233015008,4.993388557371246,0.733891574645568,0.055880510047919864,0.05203867122545354,0.01801104709305094,0.0,0.0008311067054833594,-7.771561172376096e-16,1.3384266892570048e-16,3.4913301784224283e-15
804.1395760858417,0.3296960012861193,0.5413468211084259,3.7575775891571355,2.4067826465604827,0.15585042155564588,0.9796923863559536,1.543404514670751,0.14244889307922023,0.0027736724979958,0.010100634211437615,0.00019400021340506724,0.0,0.0002763895891009987,-5.662137425588298e-15,-2.6165744000278604e-15,1.1058035675886438e-14
922.7189317183107,0.06972405247572006,0.34757170780953056,2.671245731267221,1.0381827831984216,0.5648530760688143,0.9429723019626783,3.9144643624543893,0.49693066694409305,0.02513479861506404,0.0350111181387749,0.005303180802537039,0.0,0.0022735216666105295,3.1086244689504383e-15,4.837634727304842e-15,-1.2247476767969379e-14
975.8345875794969,0.12955340031472398,0.34365116259075934,1.896351823676838,3.896084416810542,0.7085507963379476,0.9187882278986661,4.830354706380383,0.6073622246181654,0.040876620941748334,0.04329444638416187,0.01382040172993336,0.0,0.0029249319490451506,-1.6653345369377348e-15,-4.225148142969253e-15,8.903301538005626e-15
792.1564413455327,0.03992043382942106,0.6507283216017843,1.3508829023582318,2.5031772949578297,0.008829545493225455,0.9775928700802712,0.8299614147392187,0.008053000731800363,0.00012693408225090462,0.0005734038584115201,1.88841070433967e-06,0.0,1.3893860102505937e-05,5.551115123125783e-15,8.694477611835388e-16,-8.790423737400553e-15
905.5661066436618,0.04719999029080599,0.0007743525156104866,3.3540854919392147,3.1990022207275604,0.1352558824423853,0.9516304370054605,1.6743337689886126,0.12008419493307787,0.005197090910013784,0.008381597549758698,0.0003018888274916434,0.0,0.0010798655430318761,3.8347103270552907e-13,-1.5224220388267634e-12,1.8806501208216716e-13
859.5399303147263,0.5062311886540359,0.2266700931974847,1.654074519299661,2.305896967555341,0.5104255670823316,0.9590069376167605,3.305725007739659,0.45668372360386517,0.017273110110503066,0.032199820450241515,0.002789872564997321,0.0,0.0013677096221185595,3.3306690738754696e-15,2.234675878934601e-15,-1.437847825659275e-14
893.3902488323645,0.5963167959985501,0.2810531320397605,4.501517790307718,0.5421206415606428,0.7832717817959226,0.8670637463811159,4.376883599212549,0.6336141586358673,0.09214265982785491,0.04195573717557718,0.014058566653978321,0.0,0.0014265140681894463,-2.220446049250313e-15,1.3185227589986075e-14,-4.259858210722816e-15
839.9250276833241,0.06376192673684203,0.5855940195199401,3.7018990501637363,0.7996785836116937,0.16787384941615868,0.9734116829366467,1.8124504622813529,0.1524547527653409,0.003711612379468664,0.010788829724748882,0.0003354980182108624,0.0,0.0004862548089431863,4.6629367034256575e-15,1.2281682663984024e-15,-8.291580003951529e-15
920.886700818837,0.058535044060903756,0.15725571188247123,2.2722361887998996,3.9296937513168904,0.1825646527700021,0.9503390105961607,2.0561979992743553,0.16186636615735978,0.006889865087591838,0.011349056703190323,0.0006877578836232523,0.0,0.0015091563923344702,-6.217248937900877e-15,-4.0972088734631095e-14,9.93968225706648e-14
945.9567601803375,0.7821113418308827,0.04612222905567043,4.692201687861171,3.8447000150048494,0.8126367923619893,0.8749433865378545,4.660924726349237,0.6633424623834416,0.08765002500925112,0.04458373343188895,0.01538554762064137,0.0,0.001568789939766547,-1.4432899320127035e-15,3.608151522566585e-15,1.0094825588410193e-14
763.954148806379,0.02698479495868335,0.018972881671353754,1.2514804381251712,2.1565484033146762,0.001782631470502949,0.9682292801458656,0.47229096274656407,0.0016102790613843209,2.8361774780507148e-05,0.00011493313467892801,1.1005544959474544e-07,0.0,1.5607111383137348e-06,0.0,2.929668311685537e-16,2.8484010662556154e-15
908.4050839213331,0.030301330517100374,0.5094177428255412,4.223068917863705,2.757146080104566,0.12551977485750143,0.9609297809422435,1.9579648367189408,0.11252918391964076,0.0037778567178687254,0.007924594101047072,0.0003305347939912885,0.0,0.0007499704283179744,-1.6986412276764895e-14,-7.381683052908035e-15,3.446997177813522e-14
760.9133683050346,0.1404849248248547,0.022864442629387558,1.341213224797834,1.9473401862480038,0.023110999252151765,0.979649519389576,0.5596264275083892,0.021122767454681484,0.00039355385274310333,0.0014972175149512573,9.736886461723104e-06,0.0,4.336607876014971e-05,-3.3306690738754696e-16,1.0231916180447596e-15,5.454459498055045e-16
801.1144393916736,0.021783623528128224,0.46433572293366676,4.78153936818191,1.4156640072960835,0.01310561635906704,0.9784714506108068,0.8366302328529746,0.011963740208129084,0.0002136987050337657,0.0008491245549832909,2.94014856727395e-06,0.0,2.244562991656826e-05,4.440892098500626e-16,1.058740939363668e-15,-1.1459586798819235e-15
904.1506252312047,0.0205867032830152,0.30102542470532806,4.5371350617128545,1.1916619683296632,0.15981667782107956,0.9586328932720372,1.9639307606794496,0.14293407972685568,0.005235215931079821,0.01003826485129785,0.0004290906523282185,0.0,0.0009791154970714548,2.220446049250313e-16,-8.875543477478547e-16,-6.628711917722091e-16
965.9786350384774,0.04070772922367822,0.5317421609332859,3.313477609778176,3.070031996128121,0.3844095633195249,0.9393132416885995,3.45987961507136,0.3368728360240257,0.01710888591612898,0.02374533411481379,0.0034501057957822385,0.0,0.002891929415196197,2.042810365310288e-14,-7.162424845342986e-14,4.628195503677631e-15
924.5056050869821,0.1354567928365708,0.3570659494626576,4.847207170861319,1.8409587014339723,0.6141648845606456,0.941407284413313,4.135348123149738,0.5394160949240946,0.02966657824921865,0.037762228547751006,0.005255800560860285,0.0,0.0019102839081607888,1.9984014443252818e-15,-1.2349526778162657e-16,-3.911847590897691e-15
956.2322568192997,0.10133777635878538,0.5659620178100087,2.3318796652071345,3.415377842163056,0.5673313597073639,0.9349130872245451,4.26733236671646,0.494845236489318,0.02645833184892442,0.03517305932912592,0.007755181842600816,0.0,0.002827266342133334,1.7319479184152442e-14,-4.176687081132657e-14,-5.053499620823838e-15
769.5757888106049,0.2349983110029811,0.08523837203992467,4.757551215898097,3.732124406946915,0.03636670412516374,0.9798284086850522,0.6743552813270326,0.0332441577754956,0.0006705871968809974,0.0023510483982889605,1.1436019028900273e-05,0.0,5.604595459519781e-05,0.0,0.0,1.5606514394299125e-15
867.1065609633622,0.11834484989832113,0.5167601795554333,3.5177878765759587,1.4775615527220634,0.3052824780474568,0.9662411772072964,2.5596048729991936,0.2752002247487107,0.008433097324129495,0.01944088485756107,0.00107978324028349,0.0,0.0010050128421929146,-1.6653345369377348e-15,-1.1497283248959254e-16,3.089109260699161e-15
989.223248900279,0.11617195018945632,0.4543662557358579,3.0184436057114414,3.676683851974045,0.7791585462651553,0.9120371107289468,5.308954030396245,0.6629789099732756,0.04824603597626511,0.047449802682283916,0.017931067730810442,0.0,0.0023197556991554867,3.774758283725532e-15,-3.0721270747871127e-15,-5.269962181632374e-15
808.1694047407232,0.10930855568133938,0.6903950563893672,2.464044854159056,3.190002519205159,0.04433056071125974,0.9806820172510572,1.101791001724193,0.040559519442544344,0.0006956138880076012,0.002880659997740653,3.3550936387127385e-05,0.0,9.022535689418673e-05,2.6645352591003757e-15,8.555842988876064e-16,-3.853659923768238e-15
884.9272070310985,0.44443538609155014,0.3163321239791701,4.343898168528495,0.6336766878492823,0.74387258530956,0.9089155116796097,4.358881670004908,0.630788015228836,0.059011299156477126,0.04314369985516404,0.009630071859742503,0.0,0.0012211982207982561,1.2212453270876722e-14,1.5105030729866544e-15,-3.595537984739689e-14
858.3723795524182,0.24159973259425047,0.6980180632057416,1.120417795604449,3.882152163873783,0.20829093350396943,0.967665305872396,2.158295438846556,0.18804288313140435,0.00503380239697575,0.01335697055336334,0.0008791068682178723,0.0,0.0008266229938223963,1.4876988529977098e-14,-2.7508300577377417e-14,-7.623148742473782e-15
852.5209120983486,0.0943691110315277,0.6871437838679217,4.113097471450843,3.106776606349308,0.11120188983279033,0.9741357155418213,1.6703716929275194,0.10106318923074441,0.002352098190267147,0.007154649738040014,0.00018337230873734695,0.0,0.0003419333815921745,2.2426505097428162e-14,8.352863592703496e-15,-3.252390796778161e-14
888.550442294873,0.056189379655339704,0.05835267405270272,2.19258573394078,3.007440928666687,0.11627071044862847,0.9569567923549195,1.5504405183259797,0.10380637371902791,0.0039046226365710476,0.007280343840443131,0.00026114911207535775,0.0,0.0008201199773265643,3.9968028886505635e-15,-1.8351977425882453e-14,6.6966588703751125e-15
833.147906352297,0.35912326613845336,0.49635962588537236,4.899154293379228,3.304526802907272,0.22981320132281668,0.9743846169483088,2.0222874307812133,0.20891362075611294,0.005136180543029618,0.014767676513112667,0.0004087209650212566,0.0,0.0005151418096115149,-1.887379141862766e-15,1.3919452248182448e-15,3.2160727282720228e-15
942.3310339864394,0.026012024027497173,0.6292240307594141,1.8704841106809558,1.0168348678934946,0.38822235029477115,0.9412879315956896,3.4192375481783612,0.3409293493095094,0.016135618100801965,0.02417190943157427,0.0039586759115392165,0.0,0.002691358047372991,-4.440892098500626e-15,-1.096441178883978e-15,8.245184352655052e-15
783.7245618419763,0.8057027806237544,0.2426298896051002,4.1954457338673175,2.0485820191788107,0.22254553511788433,0.9770154245067896,1.6445775138618453,0.2028531099345945,0.004750735760201339,0.014323215489207406,0.00022581755729385997,0.0,0.0003542308650512734,-1.5543122344752192e-15,-1.3042308838189787e-16,7.538752081349709e-15
826.8194706979347,0.5123642020248014,0.1943567906615873,2.5599623025282088,1.2266265323647103,0.43487261831004154,0.9652657502911385,2.7917077516214577,0.39162492484940725,0.013364629305203563,0.027534352869940628,0.0013395423909491604,0.0,0.0009382408605511809,1.3322676295501878e-15,8.01505372803633e-16,-6.84449396215835e-15
961.9544382860772,0.08187506926252534,0.2534134338930322,1.0454517946968331,2.9181754544481224,0.5190416429570777,0.9256433120765324,3.8304441519367756,0.44823651728515973,0.02726523005783788,0.03176173406856051,0.007501132997318594,0.0,0.003882616690907101,-1.887379141862766e-14,2.1147174861350982e-14,4.593243646489451e-14
981.3259989459083,0.46701851715341175,0.3764932438382893,1.2063570141979163,3.9523217357044746,0.9486996249770386,0.864966923212302,6.15604077680201,0.7655782621782387,0.06771031603188661,0.05935475045509025,0.055372136064649,0.0,0.0005657931014527902,-4.9960036108132044e-15,-5.6300130409843726e-15,1.6253305866736328e-14
906.2922110935162,0.0245132654220608,0.13935781840633674,1.7807702979255513,3.5302369064704497,0.058935310685682585,0.9525926189787091,1.4192816590247908,0.052377426246917096,0.00200961461594936,0.00367525828688269,0.00011198200332878126,0.0,0.0005042375026211134,-2.3314683517128287e-15,2.747557261206752e-16,1.6108440835886987e-14
829.7388514144421,0.14324229509090794,0.6002971821298559,3.667548002457475,2.2377096113082393,0.1327022018916515,0.9766913200071191,1.6002278660949234,0.12091963336637966,0.002601024323793657,0.008567979283527465,0.00020417393342877705,0.0,0.00032632463135084467,3.1086244689504383e-15,1.1096696332314928e-15,-5.7616663736726566e-15
927.5315640074996,0.02386018116926957,0.5843469598579438,1.4004112295568785,1.3410785679921582,0.21885346914238168,0.9478883176390673,2.5346683442259907,0.19354054984423416,0.008060020161949658,0.013675833839072614,0.0014293808072491283,0.0,0.001803222952835654,5.10702591327572e-15,4.6918251496662145e-15,-1.0244311808005222e-14
752.2270490019504,0.06521103701646325,0.0683855784221285,4.916199972432139,3.976490311102027,0.00457548982393563,0.9803717417832275,0.44769434770233474,0.0041849448872568265,6.691730068860849e-05,0.0002974407080903738,3.9035427413842026e-07,0.0,3.7867662317808186e-06,-2.1094237467877974e-15,-1.140830514217378e-15,3.586563897224322e-14
891.7071018428497,0.053728032664994534,0.6229428638336714,3.6499754225700465,0.6616765936426348,0.41515528741331853,0.9581089565161547,3.252244480287188,0.371096482673706,0.013773537955749699,0.026214912413295027,0.002408369094381207,0.0,0.0015073934340314506,-7.771561172376096e-15,1.319144069753385e-15,1.0890881303632331e-14
947.4776869944052,0.02966419963928821,0.38055458404981163,2.0812729349644576,1.1265225956255807,0.42780462572567857,0.9383072683591771,3.443174465537098,0.37450008551437025,0.019393805911109726,0.02641592496156362,0.004145275122720109,0.0,0.0030192741908788294,3.9968028886505635e-15,1.4659601801622364e-15,-1.1885105007817201e-14
929.0473439317184,0.627696914093035,0.031993687571746914,2.819261115475794,2.7220513765472676,0.8261182172333759,0.9012982905680994,4.766829463866758,0.6946597106281006,0.0678350553802861,0.04790868490999877,0.014326623531450053,0.0,0.0012811781094943459,1.1324274851176597e-14,-4.479575369445168e-14,-3.898055702016974e-15
982.9711597340606,0.8393665274586423,0.26983135591339114,2.9504383154309135,2.6221328559051456,0.93713331236798,0.7876602346056677,5.663737370236506,0.6886549302878591,0.1312407891014689,0.05132720695868853,0.06495218506585308,0.0,0.0008538869227949241,4.440892098500626e-16,-2.0593096132831527e-15,1.2325049063373972e-15
985.6629348333827,0.2635196807289108,0.615227905241969,1.2286761135738613,1.1634995269981472,0.9723649307752089,0.8104426739115435,6.724531984667161,0.7352126189654629,0.07641415256220752,0.06310459880375482,0.09721983057967262,0.0,0.0003010836414319853,1.4632739464559563e-13,-7.049110993224118e-13,1.3341055844224163e-13
835.404286356029,0.3914752659418836,0.6700936541304937,3.4399408872837616,3.7909133045082024,0.23531090497141693,0.9751524767916131,2.137614277240592,0.21407992640531529,0.004896845968855404,0.015176012389252879,0.000546725753132626,0.0,0.0005299325665846436,2.7755575615628914e-14,-1.4147032290070566e-13,2.7792882693082658e-14
939.0012646326517,0.024890546332099164,0.43807410782130657,3.1571823365656155,2.6038502118672575,0.183327072121364,0.9498929685452066,2.339016158628253,0.16246605681018933,0.006798106941014673,0.011420030706720078,0.0008200465235908338,0.0,0.0015160700957302083,-1.1102230246251565e-16,1.0711792013876173e-15,-1.2146564760958997e-15
812.7104315350701,0.1759498814967004,0.434210834021024,4.729577457981474,2.96272592590892,0.08962305556900363,0.9788411896259936,1.2420591650352881,0.08184522504622944,0.0016577787562465569,0.0057957465839549634,7.772812572787341e-05,0.0,0.00018527668392623558,-1.3322676295501878e-15,-2.265293284495999e-15,4.1359394965406414e-15
870.9297106350344,0.4648599464796426,0.18001669039676696,4.813094817119296,1.9885029929944877,0.5454115486991038,0.9486879036102656,3.449521969310991,0.4827352994019634,0.02511938778638436,0.03354381773703335,0.0025702616859267996,0.0,0.0013551285157581174,-3.1086244689504383e-15,3.0947194383361973e-15,1.034561533243386e-14
861.7777617009666,0.19456262572762195,0.38626236381449464,1.6926714924244304,2.8892399756712246,0.23773534590304346,0.9661376004582127,2.156692483475377,0.21428615160740377,0.006340843320186065,0.015158712845403004,0.0008483303921426569,0.0,0.0009583860713973398,-3.552713678800501e-15,8.407237186587805e-15,2.410775170885165e-15
910.2293213987816,0.038446352533330085,0.4767519891227021,2.11641197877659,0.9587236986857819,0.33176726040150084,0.95237210190573,2.8850208173696763,0.29478240390380633,0.01186647312726934,0.020822678681253513,0.0021501632954439684,0.0,0.001907348598754911,7.327471962526033e-15,1.4039470088834696e-15,-1.450948152246878e-14
796.0055712292802,0.3104776506293613,0.63622811675724,3.834627851115112,1.3701498908549603,0.18602385079279815,0.9802608659246598,1.6714058193070747,0.1701263795264166,0.0032369509403085226,0.0120689818857498,0.00024788307854653246,0.0,0.0002928409896431901,1.9984014443252818e-15,4.373141810674801e-16,-3.345401047581277e-15
990.9588325856688,0.24932891320270278,0.19792282895909288,3.6168306370767933,1.6613846399697139,0.919024774266988,0.8354471292108928,5.584040495451624,0.7163207874388201,0.1056609377270468,0.051709924621908085,0.04419549560552142,0.0,0.0010121557538249407,-1.4066525722000733e-13,6.169895175981951e-13,-1.450093408425449e-13
931.3081830920555,0.03567575959767251,0.2954482515020234,2.7286610365978117,2.220729115958149,0.24225529236329557,0.9488061337394625,2.467215972204181,0.2144431221715837,0.009371546450515853,0.015060791941322389,0.0012036313929787645,0.0,0.0018892864412870477,1.9984014443252818e-15,-7.627882908038161e-16,-4.61512539086075e-15
780.8754911563756,0.05282705421032873,0.6285095493824439,3.871563108034928,2.3093195373186464,0.013813295651263657,0.9829808952838222,0.7821207554263768,0.012667874407714969,0.00018254626723544272,0.0009011326785704114,2.8004622952267963e-06,0.0,1.6906609214884615e-05,-8.548717289613705e-15,-3.728997995568355e-15,1.4604216884714183e-14
844.3694119000444,0.0732600647120545,0.5055761338264048,2.924807204625889,2.3761421565929726,0.08682279355202338,0.9736307192614525,1.4274616991635034,0.07886592252956827,0.0018491585642736407,0.005581457734939812,0.0001282357602713187,0.0,0.0002884383285850835,2.4424906541753444e-15,1.0397808261572648e-15,-3.9468058058427045e-15
869.0486316309956,0.07083156229796347,0.22043183242730113,3.035188323179582,1.833736963268672,0.16652948954721059,0.9648068480618005,1.779391555213458,0.1498969833224616,0.004775901746845288,0.010553518676919069,0.0003812164650968888,0.0,0.0007781608531559028,1.9984014443252818e-15,9.230055257760208e-16,-6.789210517971536e-15
768.1463239026174,0.03465534369306236,0.23842917214133133,4.129491208170485,1.5524308288841888,0.007856182375033605,0.980335945719991,0.5773462449410257,0.007185348689238331,0.00011658696010305889,0.0005105495260885308,1.034652611170025e-06,0.0,9.386475714486986e-06,6.217248937900877e-15,-1.960383224602283e-15,-2.0922469368584253e-14
872.0997209555306,0.12407262179796662,0.01097750093285243,2.646659232091553,1.9751634171372388,0.24739598988190226,0.9578868946454326,2.0444965384188585,0.22108956834754231,0.008769423849611858,0.015468132050553841,0.0006234812929260754,0.0,0.0012983325969095048,2.7755575615628914e-14,-1.0990692899498823e-13,2.17748638153946e-14
811.0468068175148,0.04287580345673748,0.36245793339547316,2.755404498013815,3.2659103049310176,0.01466348264545092,0.9764050114574692,0.8590767128672446,0.013357601836416528,0.00025266964560249347,0.0009478660581621908,4.813363362774955e-06,0.0,3.123148508104835e-05,-3.3306690738754696e-16,-4.927478170631549e-16,1.284551433883756e-15
937.3750850977519,0.04869960935174582,0.5507197142655408,3.109602896924439,2.825726443763626,0.3038960093167006,0.9494468098447583,2.9547915446468793,0.2691888091514146,0.011454407972374323,0.018984373720256863,0.00196219818059044,0.0,0.002029849142927056,-8.326672684688674e-15,3.410630359329527e-14,-4.468709970968346e-15
781.5714996437149,0.32129767751076704,0.5229971784464725,2.718492952372772,2.9267484765471847,0.08094637524097914,0.9833604944923235,1.0676380663581446,0.07426283550418375,0.0011775585884588452,0.005276857968170728,6.382218681297922e-05,0.0,0.00011832434087452586,2.4424906541753444e-15,-2.293275687345078e-16,-3.1794480329205512e-15
836.0252160535007,0.02854244951108336,0.42646300127562325,2.562625237647917,0.6149511826469864,0.08071899514954994,0.9726905596931683,1.318937806818614,0.07325070557378045,0.0017789354351821739,0.0051801974983234095,0.00011505224106431744,0.0,0.00028658472862981484,1.0436096431476471e-14,1.55533764645202e-15,-2.277102420684332e-14
957.8810489453184,0.030794498163865733,0.40808008122469236,3.250518118809299,0.9316444608154352,0.5765259009265171,0.9331763563310406,4.181698679449245,0.5019308788139094,0.029132217516393458,0.035379602274093015,0.0068685343385215996,0.0,0.0029395874475280984,4.440892098500626e-16,3.6191587116683284e-16,-9.77950609249596e-16
882.7976085235466,0.16271061193525035,0.5768301102464016,2.3122838931853282,2.9943102580471685,0.3050196097952259,0.9626724803762637,2.6780421199569906,0.2739477152062758,0.008809298823046905,0.0193947051218689,0.0014734779071089582,0.0,0.0012341416390539075,8.970602038971265e-14,-3.17925036246248e-13,2.4676122596873876e-14
818.1478071606541,0.1734845936639185,0.33228908432991255,3.8932699635666927,1.3209464665986153,0.17650297091216827,0.9750792345999877,1.6309906720824692,0.16056589047232178,0.0038509385047264997,0.011347243135829993,0.00025005303895200744,0.0,0.0004198087480235888,4.218847493575595e-15,1.499184942796916e-15,-1.3611434759462713e-14
810.0558750380019,0.5265335265491606,0.1252525742998034,4.035215936734954,1.5749566968884658,0.29255367832274737,0.9695874211378542,2.0385939731269604,0.26463903245936793,0.008172982268602311,0.01858965667711962,0.00044595093197870447,0.0,0.0006517343246309808,8.881784197001252e-16,5.535430547768771e-16,-7.567270732217037e-15
865.0210790837472,0.11229479513328007,0.430503805958616,4.090540693742316,0.8859783437447382,0.3778812971016803,0.9636792853247111,2.8316775838017563,0.33974203650243956,0.01156215069517447,0.023934390701418916,0.0013999636806402498,0.0,0.0011330020719444874,2.886579864025407e-15,1.4330922213381962e-15,-7.107091463729938e-15
896.2762629681599,0.02784310868485073,0.31151756137878567,4.43376188437899,3.5703649706149787,0.06880985928981898,0.9621506727228482,1.5176479359072181,0.061766802852959546,0.002011414482134793,0.004344069236990117,0.0001063068756770833,0.0,0.00040303510851475555,-1.3766765505351941e-14,2.3970900900957244e-15,3.7792167438503055e-14
969.7633952351298,0.20592723872510016,0.41990159077747435,2.0480062629097304,3.248594972347881,0.8423750106140804,0.9084349089098221,5.492879059284667,0.7139382561938492,0.05170894161361566,0.05170210638106534,0.023269543083791103,0.0,0.0015788885378778311,3.552713678800501e-15,-1.0799587220198244e-15,-6.969734339405976e-15
996.710798929357,0.5674081138234964,0.4914590703654949,3.8006810009331486,2.4307696758370603,0.9391861152801765,0.782836146592162,5.99603913718789,0.685936476922344,0.12813922884481166,0.05238476517297859,0.07175174763465743,0.0,0.000848797129993232,2.4424906541753444e-15,1.104316074193608e-14,-9.879764064735101e-15
856.9765867814667,0.03623195605691169,0.6021865066392854,1.5397870997344025,2.021071131901631,0.056600637417967725,0.9692297354374816,1.4029159162470486,0.05118107650052219,0.0013022147338066614,0.003620730021207677,8.726561015977419e-05,0.0,0.0002535684930766586,-5.10702591327572e-15,6.652775376384112e-16,8.173569653965773e-15
846.9954321546245,0.05705930094806164,0.5618178863444973,2.220328740511625,1.901682708111056,0.0836040085012335,0.9725030465628735,1.4524754956371102,0.07585416566296667,0.0018105720730772284,0.005370097304824471,0.00013965540002717315,0.0,0.00030525200137535203,3.1086244689504383e-15,-6.766615659273782e-16,-4.498825035283431e-15
762.4485502517065,0.670449114698817,0.07350048507554029,1.7373302377778395,3.0406168450954696,0.09406000862153574,0.9807052796517682,0.9086312028461042,0.08606070354505037,0.0016449711049362455,0.006095736185720221,6.261124632138296e-05,0.0,0.00015587218909211584,1.3322676295501878e-15,4.2664177868984516e-16,-1.7646373787193426e-14
949.4032552110576,0.6883647668932676,0.6811497864194366,1.2904610997875863,1.21103263972054,0.9620078374004735,0.8192961728680443,6.391781995874965,0.7353276570989683,0.08013231500159838,0.06100226181491477,0.08509286635524864,0.0,0.0003594848208735813,7.327471962526033e-15,1.932245652143939e-15,-9.96021275235288e-15
974.114823459666,0.7169066810239975,0.4738896225518566,3.208238157708136,3.809348554023505,0.9183630861061652,0.8513626942595522,5.838307009735003,0.7294413847733325,0.08818653275009433,0.05399768529433997,0.04581445052819383,0.0,0.0008133166633567276,-4.973799150320701e-14,2.6743754318360415e-13,-6.737132784757562e-14
771.9969931951618,0.051577457990058605,0.03811617641948358,4.026132661776331,1.728325148911402,0.012639945439047673,0.9775003831656945,0.5617670980733804,0.01152719128891535,0.00023527023949851056,0.0008158182835573263,2.9708333306990254e-06,0.0,2.138394628256212e-05,2.6645352591003757e-15,-2.8991121290226827e-16,-5.47501702840723e-14
978.3922131846363,0.12855589188977906,0.010853161382829195,1.6568175169973238,1.4669499158372734,0.8921888549414064,0.8884186428248012,5.3404930074660415,0.7394959872178897,0.0725885006568331,0.052637934310884496,0.02596543279948248,0.0,0.0013303352195345806,-4.718447854656915e-14,1.8539792959960183e-13,6.128508704810826e-15
830.548770654308,0.1662070296034706,0.6632949982175119,2.8936160554589287,2.187711624774358,0.15488914403685838,0.9762071139450297,1.7342481906150635,0.1410666368352863,0.003041964258581548,0.010004286656099644,0.0002983671273463098,0.0,0.00038890459028792556,-2.7755575615628914e-14,-8.866325390023207e-15,4.191607681444608e-14
793.2085115867412,0.1910214443768054,0.26651271443911356,1.475977516865214,2.576197886605046,0.060569589036550964,0.9792411759177746,0.950369599366712,0.05533573186984572,0.0010470056668043998,0.003924866549345897,5.583643013532301e-05,0.0,0.0001385317703471695,3.1086244689504383e-15,1.5469657527143344e-15,-1.1230669563819776e-14
788.732641937744,0.19857874453378557,0.2611327224730835,2.527309015559494,3.6954700850075515,0.04547792964641728,0.9808186767549518,0.8571127832529618,0.04161508414751856,0.0007468012074841937,0.002951563160813294,2.7149350125235174e-05,0.0,8.411971256416438e-05,-9.769962616701378e-15,1.2925074536016946e-15,3.336730009440935e-14
818.6587584309073,0.022600129370897074,0.2479886328353057,1.9766770158300573,0.9860096975897252,0.025393637569269267,0.9731810719368927,0.902863509323843,0.02305578612711332,0.0005196842880149757,0.0016315532810971497,1.569210708902364e-05,0.0,8.016213663656768e-05,-3.219646771412954e-15,-2.601627507837865e-16,1.1130825916616423e-14
875.3501334143706,0.10001665567808367,0.5420836628312886,4.394086566663606,2.674236132482579,0.2062337691148627,0.967690923034059,2.16426661128687,0.18619062549321203,0.005433544005566015,0.013146786189073612,0.0005550712704690944,0.0,0.0007752908405067431,1.3766765505351941e-14,-2.786342660842538e-14,-7.484703216070295e-15
842.9675445146892,0.03326829069242952,0.3666301786890625,4.579798151252801,2.107909668359619,0.04289795367226035,0.9731460314704532,1.1546297877369767,0.038947174494326366,0.0009299331038793628,0.0027520165401307365,3.310035064067717e-05,0.0,0.00013831585605823704,-1.3322676295501878e-15,-2.4589887962133727e-16,3.2655426687728213e-15
972.4112539860107,0.14621389253367734,0.4690948452286752,2.1686302031268516,0.5293377962887208,0.9454341616098606,0.8380498907312295,6.0834172665678,0.7392009716340168,0.08632197763302042,0.057303988232926144,0.06190718502934403,0.0,0.0005878962810019036,1.7763568394002505e-15,-1.9956446066168653e-15,-1.5597072565284176e-15
963.2742864564738,0.7122428015554969,0.1065842954630612,1.1461756488624935,1.2611384010871314,0.962825126846686,0.7974864901808495,5.847952146150753,0.7163612980229687,0.10715021888797528,0.05736960829298663,0.08142441954804475,0.0,0.00043616319662603153,1.5543122344752192e-15,-1.3974268202226592e-15,-8.112621267189227e-15
774.043600923633,0.6328297227500982,0.11476467280192536,3.9289303010848573,3.1587567540149246,0.1152848994256298,0.9789412752845721,1.0674879363693854,0.10529080102836479,0.0022621341601424586,0.0074402545445913714,6.78043883227583e-05,0.0,0.0001880156955770231,1.1102230246251565e-15,1.3914482352521445e-16,-1.0721969654349824e-14
855.0339938246898,0.2966664490723234,0.23223032358855902,3.580216806103731,2.3395252965021633,0.34408137299468144,0.9648078418352574,2.527850458551056,0.3097157932498908,0.01046521520973271,0.021778479822922598,0.0009828965868191927,0.0,0.0010409085082027953,3.1086244689504383e-15,-5.1125642276398674e-15,-7.589934268754341e-15
960.8824734884004,0.34461664324024605,0.17487923347931006,2.9924506949120238,2.787318683327235,0.8687645724953444,0.8940423371468299,5.266389536990762,0.7246387466495318,0.06928693387039615,0.05120787881201582,0.02231562318769877,0.0,0.0011879575436780814,0.0,6.745176189043326e-16,-1.331192528702336e-15
778.3217601293014,0.046743010477631575,0.6585008062619987,4.186981783624779,0.8975954957939738,0.02659889379836089,0.9834982827775657,0.836099688270362,0.024406108968054643,0.0003713110077857117,0.001734172383676341,8.782834768128784e-06,0.0,3.660967669118937e-05,-4.440892098500626e-16,-4.333480051392996e-16,1.2120931675747382e-15
775.6716748096704,0.15124889453811022,0.18480919926087486,1.4193522621219001,3.4531757712611504,0.023240110812236425,0.9809941701529455,0.6692154295936572,0.021269926321524905,0.0003561667675848493,0.0015104409106953868,1.0270803806968644e-05,0.0,4.109026281394626e-05,-1.5543122344752192e-15,2.684553731660001e-16,4.498808384228166e-15
878.9334693119301,0.7574518917824735,0.6512451053954553,4.9848307203714235,3.3808227714303904,0.6237214714389976,0.951314108359099,4.123981457245927,0.5535743985691657,0.02549137147337098,0.038910583610796065,0.0045392714441793176,0.0,0.001120933828737682,-7.771561172376096e-16,-2.173160645472559e-15,1.6341299079767232e-15
820.7610469335915,0.37213034711179704,0.27647518122731585,3.375389683685663,0.752591097899669,0.4112545249633026,0.9668758737159909,2.689631233121153,0.3709734060604954,0.012174115136017148,0.026089127770362038,0.0011250441427117894,0.0,0.0008306744160729973,-5.551115123125783e-16,-6.414725474393349e-16,3.0072181214476875e-15
939.7105902691143,0.08420745446758453,0.08094876446007818,3.3061258923846992,2.4802262074072727,0.47251258769056603,0.9384964446975721,3.3741134321896937,0.4137208219535783,0.023776875686466175,0.028790102217537996,0.003093294748003019,0.0,0.002890753919861282,-6.0285110237146e-14,1.899526130412464e-13,1.158563804880375e-13
878.2766770969001,0.2856740170810379,0.6449007122426087,4.297507189595187,3.321674848234961,0.40940889374552436,0.9637065452076922,3.166013056646845,0.36809798994270637,0.012171263760349707,0.026006880647284635,0.001868073823605017,0.0,0.001149899956017542,2.220446049250313e-16,-5.686683939133531e-14,2.660957373538413e-14
900.6285791106026,0.9421916687554496,0.677154751276814,2.4814987946987674,3.6589057688235482,0.7986125459751474,0.9344842360692103,5.083088079454122,0.6962568368284416,0.037935177226550085,0.04977924552972061,0.01358073176081276,0.0,0.0009681336902587655,-1.6842083283563625e-13,6.631851681314283e-13,-8.113405561750732e-14
766.6139256476965,0.06710076737256766,0.5525459336643814,1.8154397488465435,3.5272099590869046,0.006691456490334535,0.9824708051826794,0.6483231409048839,0.006133405479221358,7.693849253242102e-05,0.00043745545169207535,8.465292599376218e-07,0.0,6.1853861784005404e-06,2.1760371282653068e-14,6.793315100068427e-15,-3.888169626469627e-14
